<?xml version="1.0" encoding="UTF-8"?>
<OpenSearchDescription xmlns="http://a9.com/-/spec/opensearch/1.1/">
  <ShortName>Blender 2.80 Manual</ShortName>
  <Description>Tìm Blender Manual</Description>
  <InputEncoding>utf-8</InputEncoding>
  <Url type="text/html" method="get"
       template="https://docs.blender.org/manual/en/dev/search.html?q={searchTerms}"/>
  <LongName>Blender Manual</LongName>
<Image height="16" width="16" type="image/x-icon">https://www.blender.org/wp-content/themes/bthree/assets/images/favicon.ico</Image>
</OpenSearchDescription>